0.18725944860129254,-0.15442282164168805,0.9704415641536421,0.2784727999182612
0.9798103390345422,0.08140511597496516,-0.17371559298011213,0.03665441172254412
-0.04844415193794596,0.9806312251191001,0.17102029345102668,0.04426930575552563
0.0,0.0,0.0,1.0
0.22538283001919476,-0.14280090031905407,0.9642608939921504,0.2659769770563253
0.9712529347264387,0.09417875391457756,-0.2089293622528674,0.044391663685942585
-0.06010335860110825,0.9830066209594658,0.16446193440094195,0.03442244624863771
0.0,0.0,0.0,1.0
0.24713887606071452,-0.12371717320956963,0.9621472585961717,0.2561041606616298
0.9651068843269447,0.10600620864325933,-0.23077404552678782,0.04787539306947143
-0.07313655845113305,0.9869947173467805,0.14860627396388656,0.023390737492780256
0.0,0.0,0.0,1.0
0.2609190968710461,-0.10491954719557631,0.9588248486879545,0.2559713871404588
0.9588248486879545,0.11449072232099355,-0.24854370103068038,0.04218542750524051
-0.08269955637103522,0.9894144318033464,0.1330410823194635,0.020314815671316638
0.0,0.0,0.0,1.0
0.2845704224798242,-0.07775975854220962,0.9516152297914032,0.2523495972211506
0.9486556040606302,0.12730480029214447,-0.2769458183201899,0.024798415550584697
-0.09919029844392929,0.9899530047713074,0.11085367842782975,0.0205065678529388
0.0,0.0,0.0,1.0
0.32585538723045865,-0.037811724846676505,0.94003327042179,0.23698560604621383
0.9330398913812554,0.13967619224773328,-0.32222021776438536,-0.008944070324461605
-0.12007745270391354,0.9899543430775535,0.07835163612088356,0.018883114899033875
0.0,0.0,0.0,1.0
0.38183714308736644,-0.015732436006098395,0.9222133318567516,0.213998614808056
0.912798900053405,0.144122584918565,-0.3782892725474476,-0.041380823054452766
-0.12653660440570513,0.9894600887257929,0.06509853427450614,0.014574375046242365
0.0,0.0,0.0,1.0
0.41368261202834195,-0.017765042690906264,0.9106837099068539,0.19821410292998343
0.9007307051355464,0.15111160729591963,-0.4071808107270759,-0.0577361043026645
-0.12869491119628718,0.9875789472371879,0.07349730979948683,0.009292943720624381
0.0,0.0,0.0,1.0
0.41274106545162875,-0.018090405193745284,0.910867892347212,0.19357805082664697
0.9009135492696585,0.15254550069541828,-0.40569935287615566,-0.07035713634967543
-0.13205158808809897,0.9859649083839925,0.07386832922477231,0.008433265408842584
0.0,0.0,0.0,1.0
0.397559254792706,-0.015795292641419423,0.9159234027143612,0.19290952182629706
0.9064633139885683,0.13982152356302927,-0.3910101165183061,-0.08252244068318514
-0.12672324701422943,0.9869960556530267,0.06579395433517328,0.00954593546408289
0.0,0.0,0.0,1.0
0.35206806779924427,-0.03793121934106572,0.9318853618177081,0.1877254801354556
0.9243050762742742,0.13386533953935764,-0.3415308331375295,-0.0784096400795665
-0.11920001936605512,0.9865004629950199,0.0821063000813461,0.006262878557112538
0.0,0.0,0.0,1.0
0.3176712498025578,-0.06594571235487456,0.9440611813940871,0.1812036688559271
0.9380519543938943,0.13842859971231763,-0.301844992236592,-0.06592826934729182
-0.11614218284879381,0.9835451939274266,0.1095808818209479,0.0024031050291555807
0.0,0.0,0.0,1.0
0.3362878779764541,-0.05789302357181064,0.9387429029867846,0.17948033304308847
0.9312082743657972,0.1394100751401668,-0.32042131671302654,-0.06494684999511281
-0.11753998184597211,0.9835451939274266,0.10488774091859114,0.0014638956964107693
0.0,0.0,0.0,1.0
0.36723706531772315,-0.023023112984628273,0.9288363859948445,0.17490698617817832
0.9199645420781974,0.13203338077945798,-0.3562418650829712,-0.0633670918800332
-0.11892017745158591,0.9864951097700354,0.07180899628136711,0.0014675657060214207
0.0,0.0,0.0,1.0
0.36074954701212725,-0.014105138110500959,0.9301413274305192,0.16697211940092085
0.9232782276260934,0.12905193132801737,-0.3526375854423277,-0.05465366472539954
-0.11753596692723367,0.9868187811882254,0.060515625566874086,9.455191739674387e-06
0.0,0.0,0.0,1.0
0.3235309506372368,-0.03529533069380854,0.9394154283651515,0.16174381573189672
0.9374469879503918,0.1332368020667115,-0.3145966956003454,-0.04640675178201333
-0.1160038737752083,0.9838066015934106,0.07592120258792392,-0.0024428484629116904
0.0,0.0,0.0,1.0
0.30380028437006223,-0.06255660852461806,0.9404898976885809,0.15795777109926648
0.9442038471308524,0.13905029828569482,-0.29026481136476145,-0.040769456929327326
-0.11740301107863274,0.9779444080271242,0.099604016069517,-0.004991376760610944
0.0,0.0,0.0,1.0
0.30914256168402776,-0.09559428396037818,0.9359692650471723,0.15268194617832778
0.9414814247490355,0.14792871946741915,-0.2881128890553165,-0.036100502362118564
-0.11730044362896477,0.9740422612257562,0.13456011833441056,-0.0077053894394134735
0.0,0.0,0.0,1.0
0.3099381399264839,-0.0647329503153611,0.9405788766654227,0.1472960995416656
0.9413818756563013,0.13492103286986068,-0.2942557500694528,-0.03439650772168239
-0.11027682355753565,0.9826965380141017,0.1033457214340753,-0.00687200858507732
0.0,0.0,0.0,1.0
0.30406664158234087,-0.014566732409582027,0.9468587431412459,0.1408125358511332
0.9449359596489328,0.11563006293283351,-0.29840210625554797,-0.032949523281149515
-0.1040395846132638,0.9918271129842406,0.049006239172779936,-0.004404955352772765
0.0,0.0,0.0,1.0
0.31919006548125645,-0.00896535820809232,0.9437676362021948,0.12287525546789194
0.9404010550458157,0.11932910766395582,-0.31538029816287416,-0.017656535683128263
-0.11027414694504337,0.9921981213755644,0.0451560800021895,-0.0067220295908475185
0.0,0.0,0.0,1.0
0.3402729887886051,-0.02646499793117794,0.9375391326522055,0.0939111928915107
0.9316295910788237,0.13076369185522146,-0.33268601171394035,0.009641185179066255
-0.11720645317157957,0.9899933084687693,0.06717500302647604,-0.01089641299746772
0.0,0.0,0.0,1.0
0.3214439528734322,-0.05900780708822011,0.9396514297419383,0.07289196522091898
0.9357049753583315,0.13752477136478508,-0.30956414969107315,0.02682851500581283
-0.11614056084043281,0.987580285543434,0.09882349934774687,-0.012144318842683287
0.0,0.0,0.0,1.0
0.24895563856602232,-0.10262870641108407,0.955330664907959,0.06127549317884708
0.956900385144954,0.13542084585697042,-0.23447194952070072,0.03292507528268746
-0.10882752530044684,0.9854719923384783,0.13316861768529112,-0.01218496525368393
0.0,0.0,0.0,1.0
0.2106271332827457,-0.11991084109167875,0.9648349359158757,0.05559668297210941
0.9690901349386003,0.125822378981304,-0.19578904267585984,0.035254999873905984
-0.09771324139203494,0.985160571086868,0.14256052021116444,-0.012130898843311193
0.0,0.0,0.0,1.0
0.24352513425961816,-0.10608455024641997,0.9586047302472758,0.052055335696244535
0.9630870809863512,0.11947148969860621,-0.2289971265980963,0.03709489363814508
-0.08826152424816013,0.9854719923384783,0.12941097507337546,-0.011652219767429473
0.0,0.0,0.0,1.0
0.26853658445212525,-0.08493712121633332,0.9548951485021455,0.05082734653886598
0.9573135246524654,0.11820178974040815,-0.25611686999555927,0.03788342460313772
-0.08847727499169765,0.987580285543434,0.11174900546296337,-0.01193332104942144
0.0,0.0,0.0,1.0
0.26360886506216674,-0.08339563124906599,0.957483413063192,0.05215133437791964
0.957484751369438,0.11955126623660925,-0.25360886506216673,0.03744618668443803
-0.092060956231822,0.99,0.11241134287464787,-0.012174047680145138
0.0,0.0,0.0,1.0
0.2558900813922842,-0.07885550443150083,0.9614850979233327,0.049399697246115926
0.9591110403892131,0.11188114148860512,-0.24830845754260406,0.037935232125326124
-0.08726181998219032,0.9924183761503198,0.10615762811115301,-0.011052837871373289
0.0,0.0,0.0,1.0
0.266660595789273,-0.056176711466580355,0.9618757882636206,0.04395979863308022
0.9579306721862599,0.10256639511206966,-0.26114428483459456,0.03942900385552947
-0.08162374874135958,0.9944836890453217,0.08124998362729385,-0.009962066159954375
0.0,0.0,0.0,1.0
0.2726225315446411,-0.049242252121971725,0.9604485974293141,0.042972113359950194
0.9585244756307547,0.10108130822269842,-0.2669220491835661,0.03975782957983759
-0.08026591169720187,0.994299517638925,0.07184057934958513,-0.010314622301388642
0.0,0.0,0.0,1.0
0.26116364656859675,-0.06642057378332622,0.9594077402721157,0.04441521945045236
0.9607476321802677,0.10443816845695175,-0.2532746163860449,0.038862672400706705
-0.0816210721288673,0.9921109698174482,0.08808864114088612,-0.011055492270405209
0.0,0.0,0.0,1.0
0.26027638336599895,-0.09097140743774207,0.9562748549952799,0.046834389573475924
0.9578029332285669,0.11368589591138953,-0.2487926237489123,0.03773559718383039
-0.08717184444354356,0.9885162403829133,0.11644206146997405,-0.011504740818276401
0.0,0.0,0.0,1.0
0.294428354798152,-0.07684821875366254,0.948288952332486,0.04864532799396337
0.9468065310216454,0.11683812139274793,-0.2830011639638456,0.037028783959098435
-0.0909341384547153,0.9885728091656936,0.10787936602269663,-0.01171220622535523
0.0,0.0,0.0,1.0
0.3409439521135151,-0.05279868862021179,0.9351645860056064,0.04493852387695967
0.9343646053716617,0.10589034873689748,-0.3317882513636603,0.037576984067531495
-0.08300394434697336,0.9908456375563914,0.08521572646428549,-0.011212802531146742
0.0,0.0,0.0,1.0
0.3692835961969697,-0.06682534170891949,0.9227839732743328,0.03450047536055528
0.9271278095294582,0.1032245298322085,-0.35839195997369067,0.039557958266961075
-0.07659781355377993,0.9891526823929213,0.1002349031752528,-0.009958860487005538
0.0,0.0,0.0,1.0
0.3665425505138047,-0.09656764229846175,0.9203738323718545,0.02624920694141357
0.9283110597552684,0.11727240113204437,-0.3510236992807106,0.04123092352301426
-0.08161537715944142,0.9850210600411129,0.13248119879058196,-0.009529915184789794
0.0,0.0,0.0,1.0
0.3549348593164925,-0.07780043867846029,0.9262639431349462,0.027508996940513168
0.9311463523580323,0.11558651393859384,-0.341086615719374,0.04087773655583321
-0.08429917589448371,0.9885714708594474,0.11183954521320616,-0.010257975234859506
0.0,0.0,0.0,1.0
0.3547064822799934,-0.050697428690927915,0.9292316677794841,0.03309429122751642
0.930850063295859,0.10402427036144125,-0.3450095319496854,0.03178943994698434
-0.07861846608814008,0.994292484363253,0.08034584007593257,-0.011016139484182334
0.0,0.0,0.0,1.0
0.37630330490196734,-0.06974580767207375,0.9197226873299849,0.023908842500783425
0.9221867204027512,0.10922820923101373,-0.3653203548337954,-0.005716470415929915
-0.07565094685396678,0.9914381026946403,0.10212838415614964,-0.010365838678057609
0.0,0.0,0.0,1.0
0.41021895244291257,-0.10094022660731303,0.9010326329433185,0.00501186941563351
0.9044834946689185,0.1297434674804827,-0.394072891009457,-0.06554560436676563
-0.08270055293284011,0.9844381684569519,0.1439038672568245,-0.007101551358022303
0.0,0.0,0.0,1.0
0.45522149334019424,-0.09042097837954739,0.8802401636635635,0.028545394221949835
0.880194506741117,0.14123182386546118,-0.43796234997049627,-0.10101858198531617
-0.09035004489838461,0.9833250865207093,0.14516607509085294,-0.002282249606056549
0.0,0.0,0.0,1.0
0.4543951886854411,-0.07790048919769149,0.8833831189098509,0.07231129198592906
0.8793493656000896,0.142021199689166,-0.43695053560310027,-0.10805012894927321
-0.09309947852096934,0.9849763996804715,0.13636959801783557,0.0013349968989635782
0.0,0.0,0.0,1.0
0.4174749332802725,-0.068946561965742,0.9031250321782047,0.09174587246262825
0.8977886723008198,0.1381950982091774,-0.4009771468977449,-0.10555977836061614
-0.09622933440691009,0.9874916483110333,0.12562583210821235,0.002245822250702939
0.0,0.0,0.0,1.0
0.4336788442988716,-0.04644040827230629,0.8977100756670631,0.1428766694990817
0.8907180349327751,0.13678263977754015,-0.42067088503315975,-0.09170619802091513
-0.10264518612222935,0.9894117551908543,0.10504916447228206,0.0047475665809572675
0.0,0.0,0.0,1.0
0.4603093889609634,-0.03644125016318855,0.8854904155530019,0.19592961200792455
0.8784970365124675,0.13385542424082875,-0.44913959087390254,-0.05491843029720439
-0.10250567507647435,0.9893701131871462,0.09302767377811677,0.007302470677834261
0.0,0.0,0.0,1.0
0.4403595180927989,-0.047152046409926936,0.8947054294943614,0.22130458516093604
0.8893274276132684,0.13706247065804783,-0.42730590190464074,-0.0010756236920546277
-0.10287936008029056,0.9869907024280421,0.10007572510641782,0.008642601437492015
0.0,0.0,0.0,1.0
0.41380045721698566,-0.06908306515008156,0.9059645666395513,0.23782176404594568
0.901482215900476,0.1525926322581876,-0.3967130877190661,0.03403410386494787
-0.11003193211554374,0.9829139688083267,0.12558085153260917,0.0111836215105632
0.0,0.0,0.0,1.0
0.3882808754866442,-0.09892769983973737,0.9135020662494342,0.25356351151427725
0.9122064929574826,0.1631354255552515,-0.367697983902483,0.040078152694114154
-0.11089551480794084,0.9794171084158387,0.1564552951850529,0.013607172553156167
0.0,0.0,0.0,1.0
0.3550511862674108,-0.1409856847229907,0.9215559954300923,0.26109018314946536
0.9269809925398778,0.16788788625270878,-0.3291762534220649,0.046024632623431816
-0.10613935886826331,0.9741250671546543,0.1927825456423749,0.013898457897076876
0.0,0.0,0.0,1.0
0.3431573165337078,-0.18268298605412236,0.9199986616937539,0.26611840040235824
0.9334011898844152,0.1783237664708866,-0.3102973762297458,0.05141082292220233
-0.103720993751905,0.967140059696038,0.23268164774787625,0.01502427140661497
0.0,0.0,0.0,1.0
0.3411742734467599,-0.1940144496180855,0.918386302891246,0.27646732475445623
0.934702799890234,0.17514501886123968,-0.3078603824884992,0.04221672879095269
-0.0973961141370374,0.9666861090417393,0.24217594669499332,0.016162549402781588
0.0,0.0,0.0,1.0
0.3260205588967181,-0.18072304252139604,0.9255161746206018,0.287553209827756
0.9402642896888409,0.15735347557152451,-0.2982228425590593,0.024053080410108445
-0.09162241043511343,0.9722022836623412,0.22274417313427408,0.017866319823496023
0.0,0.0,0.0,1.0
0.3313377839799451,-0.15969013349896216,0.926264939696751,0.2916507440632533
0.9378319833212537,0.1460662848954526,-0.3086452608845819,0.015410320938446659
-0.09008863723240063,0.9773061385983907,0.2018511169020365,0.01803961156658565
0.0,0.0,0.0,1.0
0.36597538789411754,-0.12865567131841887,0.9177701519192565,0.2911763054952571
0.9232421442577345,0.1448472533402443,-0.3480366858703808,0.021546169557724017
-0.08946811856326983,0.9820169793600629,0.17654168314403718,0.016694573939450327
0.0,0.0,0.0,1.0
0.3774813240102745,-0.11170504351708813,0.915871054260684,0.2909327098733743
0.9170448672664833,0.14552970505110147,-0.3622710810822216,0.030863643878627726
-0.08771725631077337,0.9842498457977402,0.16027349601960206,0.01657353722987316
0.0,0.0,0.0,1.0
0.35810713343169776,-0.10878511239472238,0.9241746026617625,0.29259450761348593
0.9248931267070171,0.14229139897325963,-0.34438466503946996,0.03655712044093275
-0.08776726989639953,0.98385647884496,0.15376185381963503,0.016956833571579115
0.0,0.0,0.0,1.0
0.3595683621788483,-0.12298995736743543,0.9227684210487045,0.2989968219774566
0.9262706346661769,0.15454475082535818,-0.34256527325014974,0.03871304213274976
-0.09659613350309253,0.9789631577615401,0.1716057468430832,0.018504326632562573
0.0,0.0,0.0,1.0
0.3649739852406143,-0.1496616255499483,0.9161184859810917,0.3037712429180826
0.9249486878940308,0.17822521393995708,-0.33964465863890136,0.03975759606778303
-0.11044290245988828,0.971711047667514,0.20453700149736248,0.0196845484497113
0.0,0.0,0.0,1.0
0.35342622633841936,-0.15349703713133353,0.9181992604959541,0.30518157284268443
0.9286461778745808,0.1829966273691865,-0.32598459161301213,0.036776036376676785
-0.11815331987139271,0.9695974012375735,0.20784777032805413,0.018888568037353705
0.0,0.0,0.0,1.0
0.34368098820148174,-0.1320301276413523,0.9248558413664886,0.3065409012511723
0.9309093869828817,0.172054595411071,-0.3217068528172963,0.03204605010535611
-0.11927612272976096,0.973947792689853,0.18224622012933112,0.017503085282391896
0.0,0.0,0.0,1.0
0.3208987209376817,-0.1404693371750429,0.9311600771649351,0.30635676877553725
0.9363679852249369,0.16547368342312707,-0.2986531152209452,0.03215982879958914
-0.11699204073428818,0.9747920919399982,0.18661539860849846,0.017069262768092237
0.0,0.0,0.0,1.0
0.2646707406560758,-0.1857704016428756,0.9411226665242916,0.30504767385315346
0.9530038080128966,0.16049404894139596,-0.2357935435144441,0.03628744653490536
-0.11304960126941982,0.9681188585113949,0.22379640259276679,0.017166476817810132
0.0,0.0,0.0,1.0
0.23418030082382196,-0.21028083528364047,0.9456367329345845,0.3076444823560458
0.9625397946920309,0.15866412301058655,-0.20185224195659016,0.039384034686198444
-0.11112547947086054,0.9630982765487999,0.24307304380581474,0.018588964994743544
0.0,0.0,0.0,1.0
0.2520031854768723,-0.1842196047668453,0.9449832966220667,0.3071850992647437
0.95798724096904,0.1600403036974619,-0.22388566527172352,0.04658084998469197
-0.11246403307276631,0.9670403742692271,0.21973190080278532,0.020051311927122253
0.0,0.0,0.0,1.0
0.27147660834418397,-0.16162821236780844,0.943134223583082,0.30299825879175923
0.9537657904466232,0.16175353886498878,-0.24595727903257197,0.058195309479406813
-0.11395180760859139,0.9699070061044197,0.2019891691265268,0.02034902085169766
0.0,0.0,0.0,1.0
0.24899593907085052,-0.18812188790228995,0.9440877818141259,0.3014794355066802
0.9610798225484141,0.16062151523093568,-0.21738323852390137,0.06366443027498948
-0.11205841595340635,0.9653833551060775,0.22650081577342274,0.018703642209539247
0.0,0.0,0.0,1.0
0.20954254506892195,-0.21610087939689337,0.9494587504195469,0.30015617966956415
0.9711542458614325,0.1552145995912326,-0.1742561987771632,0.06406750423030144
-0.11032951375565413,0.9617526896712221,0.2483075197224142,0.015618921737879241
0.0,0.0,0.0,1.0
0.20616237543971672,-0.2030299558333028,0.9534092197218921,0.29601727711132775
0.9697270550271262,0.15753342664881803,-0.17383263652179748,0.07109240820777388
-0.11645494240665011,0.9636365077723195,0.23513704706608918,0.01358255730689397
0.0,0.0,0.0,1.0
0.23959424654656342,-0.16371730954364627,0.952511028301459,0.2926460816497235
0.9590145096534124,0.16825301633216536,-0.21147672634141468,0.08050391393400452
-0.1282556929446576,0.9694614270320392,0.2028216584016288,0.01273644897367959
0.0,0.0,0.0,1.0
0.2644215016722879,-0.13331332546660887,0.9522926009454291,0.2964493738750579
0.9529668063744832,0.17339414557478167,-0.23890786733010172,0.07850664533859067
-0.13456394366184252,0.9739464543836069,0.17640140301476495,0.014501724094621282
0.0,0.0,0.0,1.0
0.25449739232274465,-0.1159319907406055,0.9589715293434582,0.3004247318201111
0.9565988101155849,0.1734510671359647,-0.2294281350807696,0.07894749095421412
-0.13950862767109634,0.9748850858355784,0.1569148044747008,0.017726748183329793
0.0,0.0,0.0,1.0
0.22071454883199645,-0.10722335100633851,0.9699070061044197,0.2972380153490519
0.9653360181329437,0.16675685918046057,-0.19645801150302564,0.08982001443144144
-0.14137618068687535,0.9756978057485828,0.14134608329294165,0.017535323359800126
0.0,0.0,0.0,1.0
0.20884192256227058,-0.08928194742966766,0.9734481851131078,0.29715730969942145
0.9680688449257687,0.1579899175815324,-0.18781077529323648,0.09226249468548377
-0.1403626368094058,0.978428941456759,0.12112446527149831,0.01578966486390184
0.0,0.0,0.0,1.0
0.21923948171107815,-0.04452141595152103,0.9724254094259919,0.30001107160990464
0.9654763490016578,0.14963468657810192,-0.20560565055125102,0.09661907713458875
-0.13891482422660134,0.9839451160773607,0.07850247906316386,0.017507051546027694
0.0,0.0,0.0,1.0
0.18468676958608765,-0.039071861746305045,0.9776219275471421,0.3012112031841876
0.9711684597808148,0.14162776366009805,-0.1745884224655227,0.10558855047325674
-0.13453469919275263,0.9858678995696738,0.06543803058647786,0.019270438543397536
0.0,0.0,0.0,1.0
0.12418898888962462,-0.09087638976768866,0.9834951803418004,0.3028950675900062
0.9805328779985351,0.13802867756238354,-0.11006659834746271,0.10437787091897478
-0.12856858883659056,0.9829166454208189,0.10576984718518527,0.019505208420806837
0.0,0.0,0.0,1.0
0.086702474486731,-0.12784043128234424,0.9853336832648927,0.3064411641661805
0.9847064730645312,0.13740851167165552,-0.07033229072781974,0.0984645805703604
-0.12696025598678268,0.9806258718941154,0.13775461803047412,0.01945890142178634
0.0,0.0,0.0,1.0
0.053148174049773185,-0.13186678020118475,0.9874406381636024,0.31032386142100227
0.9869020651956414,0.13748375480763314,-0.03826174990794856,0.09459580474260472
-0.1320171156941396,0.980539911274207,0.13801297796871698,0.01951375368610017
0.0,0.0,0.0,1.0
0.04413118344032737,-0.1170413635281474,0.988288952332486,0.31139426326310327
0.9864977863825276,0.1453419185127341,-0.030808773532110322,0.09556833517105759
-0.1432279303383524,0.9818368228724048,0.12400013384064573,0.019971861846908658
0.0,0.0,0.0,1.0
0.07039954784205167,-0.11132982140025695,0.9839921113060532,0.31273367389776596
0.9835465322336728,0.15145729553112453,-0.055958702772607616,0.09622120011962268
-0.14765337055020628,0.9810298089627879,0.1236968456587045,0.02065022482706199
0.0,0.0,0.0,1.0
0.06198406955800374,-0.1541736060999576,0.9766391138130468,0.3169486694396712
0.9835881742373808,0.14062975047877718,-0.04045866793720909,0.08590452277232924
-0.13807453989519458,0.976010565306439,0.1645735282498917,0.021028300983856017
0.0,0.0,0.0,1.0
-0.0009622140535203265,-0.19364622550181165,0.9747136537082413,0.3187282466559681
0.9869947173467805,0.12350938322722106,0.026292878961479374,0.07797176891314408
-0.12969574835813852,0.9741267472053416,0.1955330619598426,0.021273439511432804
0.0,0.0,0.0,1.0
-0.04126337581113901,-0.18564729201651559,0.9794104168846081,0.31656187165996075
0.9888275253004468,0.12412287965464139,0.06422300154191207,0.08318841742763021
-0.13533650724542312,0.976949060424334,0.18389776807026528,0.021792475437288544
0.0,0.0,0.0,1.0
-0.050548044882319405,-0.1707821077668607,0.9821024508674918,0.3131928844984411
0.9868604231919335,0.13135214207473184,0.07221209732114087,0.09115301485570201
-0.1433662394119379,0.9777060607483248,0.1683623933102947,0.022284824570708912
0.0,0.0,0.0,1.0
-0.04833436184733584,-0.1873997579405271,0.9747450967113056,0.31012300647689206
0.9819227834923132,0.13361524954330375,0.07330808491531494,0.09618177066371897
-0.1461363405113298,0.9715267399270409,0.18461592100027097,0.02258262967685927
0.0,0.0,0.0,1.0
-0.06252359632605779,-0.22802657747550464,0.9593302986021637,0.30993864190202436
0.9756978057485828,0.1246625182606951,0.09158496487408614,0.0964348761473807
-0.14479947799407294,0.9621097678452787,0.22353873717736797,0.02393895254808554
0.0,0.0,0.0,1.0
-0.12544833960662205,-0.24592543235081776,0.9496527680481843,0.30566534830944914
0.9713912438000243,0.10646330295460674,0.1551741926615787,0.10110061929770484
-0.14228957155453403,0.9598755631013554,0.2332288943367161,0.02498295103039785
0.0,0.0,0.0,1.0
-0.1680609078249658,-0.22942434710187543,0.9535878324929394,0.3009947376419578
0.9710338238815264,0.10714274734249185,0.19774948657335564,0.10539017590166375
-0.14682160516875592,0.9649307427580249,0.20804281319001544,0.022735667887636597
0.0,0.0,0.0,1.0
-0.19852042942863105,-0.21543131752576747,0.9545290042233268,0.3021401243793901
0.9665917768399128,0.10784451718994847,0.22699502780783637,0.1029050480109339
-0.15013429415484708,0.97035694183998,0.18807530167582734,0.01983820010715876
0.0,0.0,0.0,1.0
-0.219834425193494,-0.2262244813283665,0.9473628437152476,0.30313288329180155
0.9606839153172184,0.10517829977854763,0.25037299816145486,0.10149820982086638
-0.1548491388012963,0.9688302019129392,0.19493426126139948,0.01838127954488963
0.0,0.0,0.0,1.0
-0.19541598904734975,-0.24191833750342162,0.9470018979904906,0.3076331938396286
0.9642180610502344,0.11663510992826981,0.2293584285122181,0.0990437500124859
-0.16559812032177168,0.963590850849873,0.2103956124951193,0.01814519572721665
0.0,0.0,0.0,1.0
-0.1551791416694299,-0.2435069088324597,0.9536794880822737,0.31256911743501986
0.973449523419354,0.1268132225528762,0.18885144910799334,0.0983323894175396
-0.1706683630915901,0.9617983465936685,0.21512228599190114,0.018192204542945442
0.0,0.0,0.0,1.0
-0.13723749958050985,-0.20899530632140997,0.9647104879832695,0.31435995268908407
0.9781559964838851,0.13574733022172947,0.1663848287484465,0.09858171158418064
-0.1699556813837997,0.9660132419189313,0.18141502077797597,0.016439324841092656
0.0,0.0,0.0,1.0
-0.14603246731885686,-0.1569895109513907,0.9738884109605037,0.3151761751966017
0.9763621539214344,0.14518982658991944,0.168054936237981,0.09985474288806853
-0.16879306394044902,0.9734481851131078,0.12990481806596338,0.014953932286497947
0.0,0.0,0.0,1.0
-0.1670372085442552,-0.14682773120833478,0.9722854203017189,0.31550466212499684
0.9705828915841612,0.14888423041730375,0.18825266355376252,0.10447732155808659
-0.1720667875353245,0.9763205119177264,0.12086014621184993,0.013967856104862893
0.0,0.0,0.0,1.0
-0.17847110908579314,-0.15467168099405354,0.968970191037212,0.315970320253383
0.9665961335030926,0.15597026160897715,0.20309043059220794,0.10703343860401965
-0.1821149847361866,0.9748380906068859,0.1270980869818503,0.011090122914591582
0.0,0.0,0.0,1.0
-0.16878198446265322,-0.15581905485433253,0.9698685298256835,0.3149943346405989
0.9676272807721267,0.16587206185645045,0.19599948582864324,0.10996252816553215
-0.19088861786634553,0.9726938614016094,0.1265389172058331,0.009448447361359885
0.0,0.0,0.0,1.0
-0.14619802454528885,-0.15632426520227305,0.9714812193386709,0.3110097535261628
0.9695057456482394,0.17305395793259953,0.17471814351286397,0.11423644863988805
-0.19610476117418885,0.9709399697582177,0.12861686614770218,0.009543319470748574
0.0,0.0,0.0,1.0
-0.098716640900225,-0.12876385416570668,0.9779872409690401,0.30581911530754957
0.9704955926580068,0.18874458303747207,0.12368902566195795,0.1164084247312305
-0.20326703206364477,0.9726508810916552,0.1095252111528771,0.008277417325167437
0.0,0.0,0.0,1.0
-0.04399837314126539,-0.1031659260894317,0.9848297190249677,0.31114766475592637
0.9724170378440737,0.20625811183144363,0.06616337146307816,0.10664890014616202
-0.21255521058358262,0.974341159642633,0.0940060740867618,0.006599015453265486
0.0,0.0,0.0,1.0
-0.05565613826598949,-0.11358269389378178,0.9843937135066749,0.3167132055715778
0.9739437777711146,0.20569062510487254,0.08071983687261537,0.1020482078274684
-0.21434517456137142,0.974395051812921,0.10173467545892836,0.0055786667555687945
0.0,0.0,0.0,1.0
-0.09496982684575997,-0.142402525777653,0.9807573420684321,0.3121513102327216
0.9718328079536663,0.19843062150744628,0.12466108220664213,0.11342585829085489
-0.21462501647584065,0.9712928966794593,0.12123440774127954,0.005167386808465517
0.0,0.0,0.0,1.0
-0.11158428320370287,-0.1644645889455112,0.9786087561999758,0.3064725119553545
0.9674889716985411,0.20036412248369012,0.14480833495739345,0.12629824655925742
-0.22062854850660768,0.9645763411964606,0.1366601810766215,0.005452230190538018
0.0,0.0,0.0,1.0
-0.130396943498481,-0.1905274464818002,0.972512366607705,0.30702653296744564
0.9624653713790126,0.20394491066699608,0.16887006723736353,0.13296416277888468
-0.2289228540640782,0.9566404521192928,0.1554622041585636,0.007074233125665609
0.0,0.0,0.0,1.0
-0.1550377816754696,-0.19828793424120145,0.967140059696038,0.30896882237813733
0.9576272807721267,0.2062000899378202,0.19336837601166362,0.13578580760781306
-0.23452934596776803,0.9541790956590188,0.15645780290002737,0.009451969884692556
0.0,0.0,0.0,1.0
-0.17218411286654683,-0.17883729323093756,0.9683001478949347,0.31238044857899216
0.9536365077723195,0.21152286134237902,0.20559501263912633,0.13043630217696883
-0.2383846228405586,0.9571303498078737,0.13256377654190382,0.009576630841716647
0.0,0.0,0.0,1.0
-0.1693008742015945,-0.1579199657362907,0.9730522778819121,0.3114747820298254
0.9535921891561192,0.2221109698174482,0.19934251620530252,0.13042383230483948
-0.24457232627772219,0.9599583579962919,0.11209772308906335,0.007429526911653077
0.0,0.0,0.0,1.0
-0.1481188585113949,-0.13843296740945887,0.9799113627675995,0.30652215615253064
0.957040374269227,0.23129289667945932,0.17515923278062184,0.13914980066953664
-0.24941309349710036,0.962419714456566,0.09843296740945887,0.005720241435569517
0.0,0.0,0.0,1.0
-0.12859350920594192,-0.11525053559155322,0.9858652229571815,0.3084146628011326
0.9594130934971004,0.23685640827319493,0.151553134936715,0.1375309509989014
-0.25232706230542695,0.9645736645839683,0.08107277823878056,0.005064057335838451
0.0,0.0,0.0,1.0
-0.1289263034911648,-0.10023250494133534,0.9868617614981795,0.31105646692883093
0.959867044151399,0.23932044134596125,0.14888064656871838,0.13539947150231407
-0.25389544423617577,0.9654249971097856,0.06651003654910755,0.005594574799494446
0.0,0.0,0.0,1.0
-0.14569835290338862,-0.085546904763976,0.9849294044517789,0.30937882716886955
0.9589644960677862,0.2388315402191853,0.1621518206697159,0.1401817235856773
-0.2512512546757513,0.9675346286209876,0.04751936009747405,0.006296028125316742
0.0,0.0,0.0,1.0
-0.16847581479629853,-0.06678283415394322,0.9833250865207093,0.30506527796223337
0.9557448009772753,0.23466899334759966,0.1784328344863444,0.14590838154017624
-0.2446246747313994,0.9694574121133007,0.023790085369418488,0.0061485020587169585
0.0,0.0,0.0,1.0
-0.1664702878477794,-0.05085902061885281,0.9844838253793982,0.2961895054749326
0.9549820946498973,0.23031592528282802,0.16952524234218383,0.15894754065483163
-0.237356299552055,0.9699113627675995,0.010103494935184905,0.005867467184413047
0.0,0.0,0.0,1.0
-0.10571445830665144,-0.03140457985412084,0.9920209942788014,0.2890398823823248
0.9616153771594413,0.23566185871430056,0.10406160143027862,0.1697070105591728
-0.2387141365962127,0.9694587504195469,0.006432195092387882,0.00425623286879222
0.0,0.0,0.0,1.0
-0.042625643699975874,-0.014028705316371192,0.9972077914778258,0.2909394293635986
0.9659148947983665,0.2490875946601847,0.04039425190262157,0.16851761173771085
-0.25025873105349167,0.9675802855434341,0.004100452016897332,0.0027744492625614006
0.0,0.0,0.0,1.0
-0.03749904358057046,-0.03284102013563096,0.9944420470416135,0.2922602859911
0.9658762711515919,0.25286649550111606,0.043509608887009485,0.16710188263982964
-0.25591609677053595,0.966010565306439,0.023600902482478564,0.002374663208643342
0.0,0.0,0.0,1.0
-0.06194105273520282,-0.07518216786769132,0.9890574899633666,0.28921824538674434
0.9675749323184495,0.24170132674538825,0.07933435392567126,0.17196103354405157
-0.24865172547596842,0.9675789472371878,0.05957334109595046,0.002311698395739036
0.0,0.0,0.0,1.0
-0.06408526701459549,-0.08816018424954689,0.9887500836304949,0.29446672022852627
0.9694130934971004,0.23562036407863074,0.08470128165250837,0.1701124483401872
-0.2444505659915699,0.9694144318033465,0.07153494261144111,0.0024328285854096285
0.0,0.0,0.0,1.0
-0.05315160131485809,-0.07071194859867652,0.9924667096852586,0.30698231025420153
0.9693257945709459,0.239287112881845,0.07050360224605977,0.15761187752053654
-0.24628049192237933,0.9693701131871463,0.05644851432811038,0.0029397562285591802
0.0,0.0,0.0,1.0
-0.028338680935941465,-0.047683104131775636,0.9964118257626193,0.3177323554184932
0.9664534677663272,0.2505492794179301,0.040258787815762295,0.14634743164571712
-0.2540931350391105,0.9669933790405343,0.040252381266702206,0.0038408333578472936
0.0,0.0,0.0,1.0
0.01642765460580652,-0.01926710022240149,0.9969920407342883,0.3136188355709053
0.9605842298904074,0.2634898271168158,-0.01130872552264655,0.15607501850090919
-0.2664964480762815,0.9630052826532196,0.024314250041594133,0.004849916393692512
0.0,0.0,0.0,1.0
0.03585066911185729,0.010113663190886702,0.9959192514615461,0.2984036267162799
0.9565504765806461,0.27223976337927247,-0.03728208027526672,0.1772238694579394
-0.2763205119177264,0.9605855681966535,0.00023778909003198834,0.0059366049444002575
0.0,0.0,0.0,1.0
-0.0016597504070059999,0.012337588823916744,0.9969947173467806,0.28038489903113895
0.957040374269227,0.2787832066842466,-0.0019642234966186917,0.196911171125923
-0.2817884893374661,0.9600443186162003,-0.012438623590935496,0.007037773495998205
0.0,0.0,0.0,1.0
-0.04575289796917906,-0.010268577275732634,0.9963184533455438,0.26763144781225257
0.9562821645668204,0.28100319734794243,0.04477142254132989,0.21079902907107792
-0.2845402069278147,0.9599596963025381,-0.0013665216989982108,0.008551949517127259
0.0,0.0,0.0,1.0
-0.07471255072733911,-0.04227508496699853,0.987337190780954,0.27163496825504274
0.9470255641189794,0.27718427587914196,0.08117003341240485,0.21122741268582357
-0.28491346086147784,0.9595514025706859,0.020559083861267546,0.01052917586911548
0.0,0.0,0.0,1.0
-0.022873709740851157,-0.0488924441356656,0.9139522377987503,0.2847584615118037
0.8744590260192058,0.2537698531304985,0.03390218039739294,0.20358742707765398
-0.276486274554523,0.958751421936741,0.013826885546872942,0.012486900373564185
0.0,0.0,0.0,1.0
0.234727903157662,-0.028519111371808722,0.5883219334313734,0.3001363364380405
0.5593132550814636,0.13834596184524636,-0.22338231628008423,0.19104279167309846
-0.224326684089059,0.9620211306128781,-0.05185096771549903,0.01384286503662564
0.0,0.0,0.0,1.0
0.635394511945854,-0.016195225825315067,0.048134210947446174,0.3108287824680597
0.04010251502812913,-0.05946876470361462,-0.6202822743939248,0.17964665821840134
-0.13149689686441446,0.9715697202369951,-0.14150388175758716,0.014020592366778963
0.0,0.0,0.0,1.0
0.8729662470873933,-0.015157689064011088,-0.280409720483816,0.3123754676106095
-0.27688141708826397,-0.1780707090756696,-0.8540474079420535,0.17760448885941915
-0.0740066414909915,0.978288952332486,-0.18886335044557606,0.013463628448226883
0.0,0.0,0.0,1.0
0.9255645869914627,-0.016915448258102896,-0.35383631546972794,0.30996418218038935
-0.35105931742874064,-0.20270045049974372,-0.9056532242238633,0.18057785785347769
-0.06109442783246889,0.9798643675389069,-0.19814020026162227,0.012795661701342179
0.0,0.0,0.0,1.0
0.9298701842941237,-0.016496448076281464,-0.3603592399309772,0.30522437139238057
-0.35924045199134735,-0.2013589372157529,-0.909872860906616,0.18563735342824383
-0.060032119349907535,0.9799959850812616,-0.19382147747219564,0.01124473070020433
0.0,0.0,0.0,1.0
0.93,-0.013502213617472392,-0.36246537137901247,0.2982110829244987
-0.3599543430775536,-0.19561452174116672,-0.9100000000000001,0.19351954747401606
-0.06,0.98,-0.18615443301537377,0.009598957728501459
0.0,0.0,0.0,1.0
0.93,-0.013049601269419824,-0.3645750028902145,0.2906794056595924
-0.35999866169375383,-0.19098562668066427,-0.9100000000000001,0.20473143437429037
-0.06,0.98,-0.18102994529686461,0.009436989638528771
0.0,0.0,0.0,1.0
0.93,,,0.2870225347376511
-0.36000133830624614,,,0.21234778175451954
-0.06,,,0.009866657895682099
0.0,0.0,0.0,1.0
0.93,,,0.27540584953004543
-0.3600456569224465,,,0.22682685858501989
-0.06,,,0.011539268051588017
0.0,0.0,0.0,1.0
0.93,,,0.2575842054606023
-0.36058556819665355,,,0.24402524063720893
-0.06,,,0.012715297552829753
0.0,0.0,0.0,1.0
0.93,,,0.2541333649991684
-0.3630052826532195,,,0.247209489605636
-0.06,,,0.011898689022736587
0.0,0.0,0.0,1.0
0.93,,,0.26326349535969207
-0.3669947173467806,,,0.23918639471930073
-0.06,,,0.010018616833630842
0.0,0.0,0.0,1.0
0.93,,,0.2659426099215907
-0.36941443180334654,,,0.23789629890427333
-0.06,,,0.008604018966246511
0.0,0.0,0.0,1.0
0.9299986616937539,,,0.25867725044535805
-0.36995568138379975,,,0.24514348156809854
-0.06,,,0.007531799058509859
0.0,0.0,0.0,1.0
0.9299543430775536,,,0.2509591158345439
-0.37004431861620035,,,0.25265680228529064
-0.06,,,0.0064885372227180965
0.0,0.0,0.0,1.0
0.9294144318033466,,,0.24947520465876394
-0.3705855681966535,,,0.2542059624365827
-0.06,,,0.00572894512113999
0.0,0.0,0.0,1.0
0.9269947173467805,,,0.2497450103268346
-0.3730052826532195,,,0.2522843453414372
-0.06,,,0.005310294938646353
0.0,0.0,0.0,1.0
0.9230052826532196,,,0.24909382355655424
-0.3769947173467805,,,0.2356934351582484
-0.059998661693753855,,,0.0035066824704049985
0.0,0.0,0.0,1.0
,,,0.21711557808475263
,,,0.17621620968223928
,,,-0.005308458244090233
0.0,0.0,0.0,1.0
,,,0.1543164888878415
,,,0.08356801720634369
,,,-0.020809722538109518
0.0,0.0,0.0,1.0
,,,0.11103002020287725
,,,0.03517270737579162
,,,-0.03139520031556457
0.0,0.0,0.0,1.0
,,,0.0968009104758015
,,,0.03142784551463637
,,,-0.034570721821402334
0.0,0.0,0.0,1.0
,,,0.09488346475496319
,,,0.03351722088994337
,,,-0.034843098017049365
0.0,0.0,0.0,1.0
,,,0.09632519743529104
,,,0.03478487476747478
,,,-0.034496437519264345
0.0,0.0,0.0,1.0
,,,0.10230621338562827
,,,0.048819125291860443
,,,-0.0327300702152005
0.0,0.0,0.0,1.0
,,,0.12448234686940708
,,,0.09732709178481966
,,,-0.025786194536314318
0.0,0.0,0.0,1.0
,,,0.15444530321396469
,,,0.14304192918616732
,,,-0.018322674580297207
0.0,0.0,0.0,1.0
,,,0.17860744307178067
,,,0.1351819408680573
,,,-0.019317766088120112
0.0,0.0,0.0,1.0
,,,0.19169542657606964
,,,0.11792892884441791
,,,-0.023594311808852297
0.0,0.0,0.0,1.0
,,,0.15600040565636605
,,,0.0826394190164386
,,,-0.0317434668431445
0.0,0.0,0.0,1.0
,,,0.1205684842139085
,,,0.05188376231248616
,,,-0.03851496097169042
0.0,0.0,0.0,1.0
